Channel	Set01	Set02	Set03	Set04	Set05	Set06	Set07	Set08	Set09	Set10	Set11	Set12	Set13	Set14	Set15	Set16	Set17	Set18	Set19	Set20	Set21	Set22	Set23	Set24	Set25	Set26	Set27
126	BC-088-T	BC-139-T	BC-294-T	BC-115-T	BC-289-T	BC-025-T	BC-246-T	BC-164-T	BC-288-T	BC-272-T	BC-319-T	BC-266-T	BC-150-T	BC-247-T	BC-321-T	BC-038-T	BC-271-T	BC-273-T	BC-049-T	BC-225-T	BC-162-T	BC-178-T	BC-057-T	BC-304-T	BC-219-T	BC-147-T	BC-176-T
127N	BC-022-T	BC-318-T	BC-165-T	BC-284-T	BC-017-T	BC-023-T	BC-143-T	BC-203-T	BC-145-T	BC-062-T	BC-293-T	BC-192-T	BC-066-T	BC-220-T	BC-161-T	BC-329-T	BC-040-T	BC-153-T	BC-210-T	BC-248-T	BC-291-T	BC-353-T	BC-085-T	BC-267-T	BC-190-T	BC-121-T	BC-345-T
127C	BC-296-T	BC-213-T	BC-298-T	BC-028-T	BC-003-T	BC-264-T	BC-144-T	BC-132-T	BC-199-T	BC-331-T	BC-230-T	BC-035-T	BC-094-T	BC-208-T	BC-106-T	BC-349-T	BC-157-T	BC-146-T	BC-175-T	BC-290-T	BC-302-T	BC-348-T	BC-184-T	BC-159-T	BC-183-T	BC-240-T	BC-268-T
128N	BC-120-T	BC-142-T	BC-122-T	BC-127-T	BC-355-T	BC-104-T	BC-099-T	BC-087-T	BC-221-T	BC-209-T	BC-154-T	BC-313-T	BC-007-T	BC-095-T	BC-063-T	BC-140-T	BC-012-T	BC-332-T	BC-102-T	BC-093-T	BC-065-T	BC-043-T	BC-089-T	BC-118-T	BC-046-T	BC-195-T	BC-215-T
128C	BC-229-T	BC-287-T	BC-200-T	BC-117-T	BC-114-T	BC-254-T	BC-071-T	BC-180-T	BC-340-T	BC-133-T	BC-312-T	BC-031-T	BC-048-T	BC-187-T	BC-041-T	BC-137-T	BC-107-T	BC-201-T	BC-278-T	BC-156-T	BC-126-T	BC-086-T	BC-075-T	BC-112-T	BC-338-T	BC-034-T	BC-337-T
129N	BC-262-T	BC-068-T	BC-260-T	BC-326-T	BC-308-T	BC-110-T	BC-307-T	BC-206-T	BC-256-T	BC-100-T	BC-148-T	BC-105-T	BC-339-T	BC-109-T	BC-204-T	BC-080-T	BC-280-T	BC-317-T	BC-158-T	BC-285-T	BC-197-T	BC-116-T	BC-325-T	BC-079-T	BC-058-T	BC-263-T	BC-250-T
129C	BC-073-T	BC-196-T	BC-259-T	BC-076-T	BC-356-T	BC-275-T	BC-234-T	BC-077-T	BC-101-T	BC-324-T	BC-249-T	BC-051-T	BC-315-T	BC-334-T	BC-257-T	BC-352-T	BC-141-T	BC-136-T	BC-222-T	BC-125-T	BC-198-T	BC-054-T	BC-002-T	BC-228-T	BC-316-T	BC-135-T	BC-108-T
130N	BC-322-T	BC-074-T	BC-227-T	BC-036-T	BC-008-T	BC-113-T	BC-185-T	BC-013-T	BC-300-T	BC-255-T	BC-006-T	BC-253-T	BC-320-T	BC-059-T	BC-032-T	BC-050-T	BC-269-T	BC-207-T	BC-083-T	BC-053-T	BC-261-T	BC-016-T	BC-224-T	BC-001-T	BC-151-T	BC-186-T	BC-174-T
130C	BC-226-T	BC-281-T	BC-070-T	BC-123-T	BC-092-T	BC-235-T	BC-167-T	BC-258-T	BC-237-T	BC-181-T	BC-020-T	BC-033-T	BC-299-T	BC-128-T	BC-270-T	BC-124-T	BC-166-T	BC-029-T	BC-069-T	BC-232-T	BC-279-T	BC-111-T	BC-134-T	BC-010-T	BC-354-T	BC-336-T	BC-214-T
131N	BC-341-T	BC-310-T	BC-330-T	BC-276-T	BC-328-T	BC-216-T	BC-191-T	BC-306-T	BC-018-T	BC-129-T	BC-335-T	BC-037-T	BC-047-T	BC-283-T	BC-327-T	BC-239-T	BC-309-T	BC-084-T	BC-097-T	BC-090-T	BC-342-T	BC-072-T	BC-189-T	BC-236-T	BC-004-T	BC-295-T	BC-282-T
131C	BC-130-T	BC-344-T	BC-179-T	BC-233-T	BC-019-T	BC-277-T	BC-052-T	BC-005-T	BC-026-T	BC-030-T	BC-015-T	BC-045-T	BC-103-T	BC-350-T	BC-212-T	BC-098-T	BC-274-T	BC-024-T	BC-303-T	BC-064-T	BC-311-T	BC-155-T	BC-096-T	BC-286-T	BC-082-T	BC-346-T	BC-060-T
132N	BC-021-T	BC-251-T	BC-091-T	BC-014-T	BC-027-T	BC-177-T	BC-211-T	BC-131-T	BC-042-T	BC-170-T	BC-238-T	BC-138-T	BC-244-T	BC-039-T	BC-173-T	BC-163-T	BC-323-T	BC-044-T	BC-081-T	BC-241-T	BC-171-T	BC-011-T	BC-217-T	BC-292-T	BC-119-T	BC-169-T	BC-314-T
132C	BC-182-T	BC-193-T	BC-160-T	BC-223-T	BC-231-T	BC-305-T	BC-265-T	BC-202-T	BC-168-T	BC-055-T	BC-009-T	BC-067-T	BC-188-T	BC-152-T	BC-252-T	BC-056-T	BC-343-T	BC-194-T	BC-347-T	BC-301-T	BC-351-T	BC-333-T	BC-243-T	BC-242-T	BC-061-T	BC-078-T	BC-297-T
133N	BC-069-N	BC-066-N	BC-041-N	BC-114-N	BC-330-N	BC-118-N	BC-285-N	BC-059-N	BC-098-N	BC-087-N	BC-064-N	BC-294-N	BC-111-N	BC-073-N	BC-140-N	BC-338-N	BC-128-N	BC-119-N	BC-272-N	BC-082-N	BC-243-N	BC-274-N	BC-183-N	BC-141-N	BC-156-N	BC-355-N	BC-320-N
133C	133C_Ref	133C_Ref	BC-044-N	BC-108-N	BC-133-N	BC-077-N	BC-083-N	BC-104-N	BC-103-N	BC-099-N	BC-150-N	BC-116-N	BC-210-N	BC-173-N	BC-106-N	BC-037-N	BC-050-N	BC-139-N	BC-121-N	BC-047-N	BC-074-N	BC-348-N	BC-352-N	BC-042-N	BC-242-N	BC-315-N	BC-353-N
134N	134N_Ref	134N_Ref	134N_Ref	134N_Ref	134N_Ref	134N_Ref	134N_Ref	134N_Ref	134N_Ref	134N_Ref	134N_Ref	134N_Ref	134N_Ref	134N_Ref	134N_Ref	134N_Ref	134N_Ref	134N_Ref	134N_Ref	134N_Ref	134N_Ref	134N_Ref	134N_Ref	134N_Ref	134N_Ref	134N_Ref	134N_Ref